{
  "_comment": "Whale investor with 1000 average gets 98.04% of allocation, others split remainder",
  "Investor A": 98.03921568627451,
  "Investor B": 0.9803921568627451,
  "Investor C": 0.9803921568627451
}
