{
  "_comment": "Billion-dollar allocations. Pro-rata by average, all under requests.",
  "Investor A": 1000000000,
  "Investor B": 666666666.6666666,
  "Investor C": 333333333.3333333
}
